x,y,rank,dias_aberto,prioridade
-87.42250472438079,38.82556267675696,E,6,alta
-71.1457172260993,46.777729272060895,E,4,media
-105.54914688911391,36.15078115951195,C,1,baixa
-87.90882741856508,30.891933955350872,E,7,alta
-113.4968598784004,33.98492652206141,D,4,media
-116.34889673649664,34.336898008724894,C,7,alta
-119.05445518049282,31.1599690576466,E,7,alta
-72.92541273751223,36.75691869101812,S,5,media
-71.85107601527396,40.6683781285309,S,1,baixa
-68.22477105010081,35.21349505692895,D,3,baixa
-117.1756489849219,40.16476732108333,S,5,media
-67.69240578398721,47.11986234837558,E,3,baixa
-73.5053081574775,46.57296615680917,C,6,alta
-105.94195087600296,42.179075740581865,S,1,baixa
-114.68638883172828,31.380183474672293,C,2,baixa
-92.75747257927036,36.15111144891593,E,6,alta
-85.55755543235436,38.02725868328511,D,2,baixa
-78.43763230581511,41.17303561953944,B,5,media
-110.20077414115649,39.93181259874939,E,4,media
-103.20187007992368,39.92949833764797,D,5,media
-100.3013124805882,39.53544539807638,D,3,baixa
-89.55139546010801,46.0186188702432,D,1,baixa
-69.74280678553214,43.45391097866998,C,5,media
-81.45789654605795,42.39515969933896,D,6,alta
-68.49968903111522,43.57811536885666,D,3,baixa
-102.8706175475424,33.935882817868254,D,1,baixa
-122.21146546666634,34.66071867017271,E,3,baixa
-100.97673096764642,37.92903576887484,S,3,baixa
-96.34582056812528,45.13606257307173,S,1,baixa
-100.93079228027617,29.07890589996888,C,1,baixa
-80.75954199566205,35.180958465884586,D,3,baixa
-92.17455067557992,42.18112270245336,E,5,media
-78.44194091320958,43.09542860201051,B,3,baixa
-75.03437683762573,39.08882098735646,E,3,baixa
-103.0276587802684,45.72450704686837,D,4,media
-112.69920190172186,44.33401568599673,D,2,baixa
-108.60008134091412,26.78668454482387,E,1,baixa
-89.64381265629184,32.10360042416636,E,1,baixa
-76.7268470738432,39.87225462960199,E,4,media
-104.95313999312816,34.674347415289155,E,5,media
-93.1506372345009,30.518340865048007,D,4,media
-111.09417627868802,26.275673602095644,S,2,baixa
-119.06139541098185,30.01249179372312,S,2,baixa
-120.47918216678715,26.165394857593867,S,4,media
-85.93422446369453,39.13099455464448,D,1,baixa
-91.332316268678,28.258791422426818,S,3,baixa
-101.78786442599193,46.23919889985851,C,1,baixa
-71.64821515538446,30.95137438368202,C,2,baixa
-101.23532179762329,39.59105104056103,E,1,baixa
-74.23393520061504,30.80756878503652,E,1,baixa
-69.67028517804002,30.449707962337232,B,6,alta
-70.31160142772106,41.472665111015246,D,2,baixa
-66.98421211652688,29.13253354841899,D,3,baixa
-102.46677907360572,41.65484634205171,D,4,media
-97.6043883394153,43.52393921472826,C,4,media
-106.38675330426938,34.978448845392016,D,3,baixa
-89.93519424915048,44.769907439491575,S,6,alta
-96.81922038121236,35.54087084786922,D,6,alta
-122.91298328918032,38.30892840137298,D,7,alta
-69.52894558771531,46.44119730152708,D,3,baixa
-75.15667910327046,31.355740898557265,C,7,alta
-70.97512295598635,48.84024414662122,D,5,media
-111.58675348594882,42.48448206657762,D,5,media
-104.87355979588573,38.87159603491604,D,5,media
-80.57670051551726,45.956426552605706,D,3,baixa
-123.99971381055158,34.16694083547323,D,6,alta
-100.13842408425742,38.1434284645168,E,3,baixa
-82.028772765174,43.280465761925655,D,1,baixa
-85.08972030219442,43.20566408126597,E,6,alta
-71.54097435626781,36.09109802624855,S,7,alta
-122.12580281216968,29.608342593172782,E,4,media
-106.47411601870884,46.282112816993774,E,7,alta
-67.42715174179837,41.42322518597588,E,1,baixa
-102.4141305304911,31.81206413520897,E,7,alta
-119.8983960007852,47.77393146881556,S,5,media
-68.61305180133168,29.283008642723697,S,7,alta
-68.0813775145137,29.282235031216494,E,3,baixa
-100.30900749514927,26.37088140327967,E,4,media
-92.48640647810488,39.63734083894589,C,2,baixa
-88.6459179313041,41.62502965383072,S,1,baixa
-67.37712154764844,37.34130086670803,D,4,media
-104.77062893496986,36.24177480598714,S,5,media
-91.71671403294312,32.610544987963124,D,4,media
-101.32511777646256,38.065442904920445,E,5,media
-68.76500327829437,43.77026334152112,C,7,alta
-72.41420090722352,38.98744128813126,B,3,baixa
-78.45820486530076,43.689275182337184,E,4,media
-110.67086754448276,26.51276835604349,E,1,baixa
-69.262110642702,37.22901987547888,C,1,baixa
-97.46463378223282,32.62047035163605,D,2,baixa
-100.58414962800556,26.152791994697687,D,3,baixa
-121.34220430469551,34.23416530176355,D,7,alta
-110.65683019544475,31.8635078368801,E,3,baixa
-99.45926506316128,41.534918907229866,D,7,alta
-96.07799113699002,36.07047956643706,D,7,alta
-81.27536447796615,25.423729401156177,C,1,baixa
-97.72094314989776,41.620406650378754,S,7,alta
-89.32093780972222,47.23182355190947,E,6,alta
-122.39401413937252,49.07724228893348,D,2,baixa
-120.08856468318857,26.987242988949795,C,2,baixa
-123.37452127550692,36.19907543835255,E,6,alta
-83.90889138367083,28.22554794973552,S,7,alta
-89.917285976404,33.31336139899264,E,7,alta
-81.63030757751021,48.96217114473147,D,1,baixa
-69.87801975261341,29.39070311963233,D,4,media
-83.54952155075841,26.34414148044332,E,7,alta
-119.74196273296693,46.12367316892327,S,2,baixa
-110.23400597788536,33.764713084592216,E,5,media
-102.4068645003682,27.50234468806412,E,4,media
-94.79004505936052,31.120422520836208,D,1,baixa
-90.49343698367828,26.49180894816036,E,7,alta
-82.9020445955011,46.37435571400165,E,2,baixa
-89.21721365431424,42.638415679579566,S,4,media
-120.37826539960749,45.30686957364645,E,1,baixa
-72.22147680115091,29.01339281255126,E,7,alta
-86.08952135778694,47.80776522942344,D,1,baixa
-84.55159936901944,46.67466792331953,D,6,alta
-90.51264333381796,31.183297138320704,A,7,alta
-101.31755503589594,27.37805695539522,E,7,alta
-110.2642175455848,34.854269921300855,E,7,alta
-94.65051436497134,28.32093717880713,E,5,media
-94.23736728038278,46.19427087887685,S,6,alta
-86.9792516060037,35.04969931623546,D,5,media
-99.72213530247748,44.39619707906608,S,6,alta
-74.36533776291793,26.758538394971843,C,5,media
-79.24740751800694,25.47580253182882,E,4,media
-100.86589373668988,37.36544864611658,S,4,media
-105.70405320504152,40.13485788147308,D,5,media
-112.21154814876334,47.52533534834937,D,3,baixa
-71.3364110535374,30.94726498689571,D,2,baixa
-96.82624239217724,37.61687985005898,E,2,baixa
-72.37408050525023,42.346748594182,D,4,media
-97.65165477907502,46.93902453716936,E,4,media
-75.67628716331144,48.8963186695934,D,6,alta
-100.92567833228826,43.06687177637134,E,7,alta
-72.17363724391986,47.36081821560696,B,5,media
-73.72373381714131,29.699412653799065,D,6,alta
-106.06064444991551,33.6986796505652,D,2,baixa
-123.52407741273294,36.57325342461868,D,7,alta
-86.71926145358778,31.55549453956608,S,4,media
-102.98893602367332,30.90561667140612,D,3,baixa
-70.31084317375498,30.352926126504165,C,6,alta
-80.82856623366771,28.251851192691287,E,3,baixa
-97.63660917860912,31.626960852242043,E,7,alta
-97.80113852314304,27.968932974717266,E,3,baixa
-99.61891628669196,28.92373736888037,C,5,media
-105.234752359917,40.4583789747637,E,7,alta
-114.33539936831974,38.43583196019157,A,6,alta
-79.76061060669211,36.72324727780732,D,2,baixa
-69.69227047148632,48.651658095583294,S,1,baixa
-112.26154965428526,29.87432879139553,S,5,media
-73.94464111739728,40.3999927204886,D,6,alta
-106.7412578045724,27.19911117912601,E,2,baixa
-116.80198428545444,37.36634646000293,E,7,alta
-104.94359953902556,43.365398492956366,C,7,alta
-97.28069133006568,42.15910772738722,E,3,baixa
-117.09642306419885,25.806995958967686,E,6,alta
-110.2094324842232,44.59099820835041,D,7,alta
-91.13004540536718,36.099928850016575,D,5,media
-69.417138017566,27.07262679946487,E,1,baixa
-99.6126472691998,30.40332391274761,S,3,baixa
-86.33996780330887,48.723158713164445,S,7,alta
-105.83144089150936,35.6381786720865,B,7,alta
-103.25347112516616,40.32157926603272,C,7,alta
-67.61298032241618,40.90087281898288,B,1,baixa
-73.08243492855907,38.34550061795972,C,3,baixa
-82.9559161657715,30.39006101237777,S,2,baixa
-85.85602495526358,39.70476777304914,E,2,baixa
-102.59821773515073,47.06601858053131,D,2,baixa
-68.49372712228516,44.30733889527113,S,7,alta
-104.45713787120638,37.09832570663624,D,3,baixa
-98.4860981461634,42.90924892093162,D,2,baixa
-110.10829938928072,28.901054738760145,D,1,baixa
-68.83640922720316,49.27815612191047,E,2,baixa
-99.10692418152787,47.36667627286688,E,3,baixa
-79.60908733093783,25.42196886797355,D,7,alta
-81.41408159400967,46.936709153078965,E,4,media
-82.16079856829437,33.13979806250387,C,2,baixa
-80.95982705385336,37.51329042687563,S,4,media
-73.24456987514576,40.939777980388456,C,4,media
-68.41602787084142,44.135599796408805,D,3,baixa
-85.96593684239372,34.73756517595724,C,2,baixa
-85.53726492343371,47.8525165705725,S,1,baixa
-102.6827604821908,38.222923630675695,S,7,alta
-72.83249730644809,46.11627375327103,D,4,media
-69.44324907008186,41.12185705091642,D,6,alta
-77.15285925393722,37.201167841592415,E,1,baixa
-101.42563748114344,28.57674454673709,D,3,baixa
-92.2023877186624,35.34602146977444,S,6,alta
-99.81448549698663,41.9867544972952,D,4,media
-71.07861356466971,40.23197730185538,D,3,baixa
-118.10399865599366,30.40585620305486,C,7,alta
-79.35768345416052,40.83815800346244,D,7,alta
-108.05529462272204,36.98948835143892,C,1,baixa
-87.10558130537146,25.737962964989016,S,4,media
-123.24683965559998,32.42867059325539,E,7,alta
-99.1046020898169,41.06142950413568,S,1,baixa
-88.88292265642293,39.7670729543927,E,7,alta
-74.63525089659412,49.15742243635775,S,1,baixa
-67.45104148222097,48.85561485990182,D,2,baixa
-117.55515157805593,38.271962998532814,D,2,baixa
-85.75792741119213,28.785696818156023,E,2,baixa
-81.03703362112734,39.36522595319919,D,3,baixa
-101.44514111807533,42.03694531583369,C,5,media
-110.25768161721304,40.17382851264172,D,5,media
-92.34989565580103,31.350139444527624,D,1,baixa
-112.61578133905437,41.539835405571296,E,5,media
-117.260744039146,45.63621221818377,E,7,alta
-95.69981390792044,42.27058114916056,E,3,baixa
-80.63634127400925,46.65780668818839,C,6,alta
-102.54486484240392,27.03025256696843,E,7,alta
-122.95734995843227,46.02087509359258,S,6,alta
-123.19651573458448,48.68429745457584,C,2,baixa
-120.61644663287476,32.06936233565368,S,1,baixa
-82.58914411790136,32.00434734422851,E,7,alta
-93.71517795885704,29.70079147493132,D,2,baixa
-85.44558682420492,34.86439622349612,D,2,baixa
-88.91434767371808,41.79852917288365,S,4,media
-111.08648314804184,49.23385220767799,A,2,baixa
-121.09370601697674,38.27295769877128,D,3,baixa
-106.77558222095166,37.687340761272765,E,5,media
-114.32331068467428,27.702552468855902,E,3,baixa
-68.87102838703812,46.80732068506602,D,3,baixa
-104.57413226074212,26.35138789042459,E,3,baixa
-89.85701798585454,41.44010883112543,D,5,media
-71.79397835334926,42.322196636036736,E,4,media
-107.38791710112376,44.906788035584526,D,3,baixa
-88.67492716932902,35.792030370564326,S,3,baixa
-118.7998960137922,29.92410399130607,S,6,alta
-77.44057605888699,42.20083843223699,E,4,media
-79.78945544610477,26.65956263315872,A,4,media
-82.27809620637996,29.092806709995504,E,4,media
-72.79755097507426,46.4546334600346,D,7,alta
-99.87609015728448,26.59691121859857,C,1,baixa
-75.14893694092626,45.6887820461678,E,6,alta
-121.88760184856848,35.9238802157113,E,7,alta
-106.72484596732735,49.35355159230696,E,2,baixa
-111.66936797020912,46.42291008178766,E,2,baixa
-105.58299961644737,47.84396841350595,E,6,alta
-88.16812533112036,37.133525621236,D,2,baixa
-83.53513416485383,35.19214308488643,D,6,alta
-70.33376367168685,39.27592451929512,C,7,alta
-114.34974657638642,33.421952905981826,E,2,baixa
-79.357764324121,37.30976770577136,S,7,alta
-119.57436452518265,45.94531513789055,E,6,alta
-103.0932366457127,42.71886826026875,S,5,media
-119.74397527573682,37.92566608013723,C,2,baixa
-88.94521600641703,30.259742148340923,E,1,baixa
-103.11736682000335,41.13488496917917,C,2,baixa
-72.83157593636625,46.62010248215461,D,4,media
-81.42021890680226,28.033644712962975,S,5,media
-67.32709350736046,45.076359732511165,B,6,alta
-89.33743661449009,46.87784392699336,D,7,alta
-84.15948703309505,30.83218904384292,E,3,baixa
-111.33448368203528,43.67497195625798,D,7,alta
-86.45124824538442,26.815013413395643,E,7,alta
-109.3716075449247,32.14567423211826,S,2,baixa
-77.52548590642942,47.74146899778846,D,3,baixa
-77.85583650486679,44.49072781930728,D,4,media
-100.03794128694372,26.280346104019017,C,3,baixa
-73.79207495017938,26.598963793897457,S,4,media
-101.68492395950328,45.08764114593524,E,5,media
-105.547176236891,33.40344702734029,D,1,baixa
-103.51920672773772,37.03921620446251,D,3,baixa
-115.3494821284721,44.51372017033624,E,7,alta
-108.942812428962,26.682716563711608,E,7,alta
-80.51822454770492,46.41293463172403,E,1,baixa
-99.45287733837968,44.74127411116537,E,3,baixa
-96.13145631514578,25.45690316471051,D,3,baixa
-104.51547015153842,38.793919030319685,C,1,baixa
-84.32852011513503,43.04797183935757,D,5,media
-90.25346986603704,42.8046849681955,E,6,alta
-72.25150959883968,35.74915263770755,D,6,alta
-93.42432645829136,30.113621384464608,C,3,baixa
-88.07236621229676,27.59759163498112,E,2,baixa
-115.12379770406756,40.46256735084941,E,4,media
-96.99396862908448,33.17119063176834,D,4,media
-69.44038762421005,27.53455761493987,E,2,baixa
-87.34497480048165,39.9349094460182,C,7,alta
-123.586713384532,29.999339397719957,D,6,alta
-116.11122652288098,40.54366167673219,E,6,alta
-83.1850864776213,48.24370838759144,E,1,baixa
-93.337166165487,28.337038510218814,S,1,baixa
-67.29382478828356,48.24503890868236,E,2,baixa
-120.20229444474435,34.0647810811907,S,5,media
-68.96664285471498,48.76718203332887,C,2,baixa
-82.19687290826904,42.21778331541468,D,5,media
-106.5100491533984,41.57874248395026,E,4,media
-101.68310219530083,47.59211234909398,E,2,baixa
-70.33629370210137,44.44427582565936,D,1,baixa
-110.65154723801676,45.6118603516137,D,2,baixa
-68.97118591510213,39.22337305863367,E,1,baixa
-100.34641691500372,45.74945432604856,D,2,baixa
-106.10758991688206,37.695580543037146,S,7,alta
-90.47114599870572,35.13194681520807,S,4,media
-87.14789433745499,43.852698730206185,E,6,alta
-104.76392567469524,42.0570917424935,D,3,baixa
-122.18116008904424,43.67550496166605,D,3,baixa
-106.2739219928497,47.14323792312113,S,7,alta
-122.90508831416946,35.56378559711668,E,3,baixa
-104.22489735619416,44.08389632422284,E,6,alta
-105.94325993788316,30.98935302116876,D,2,baixa
-121.35351123474264,33.41899021008464,S,2,baixa
-89.93043456975468,44.84473554081315,S,4,media
-74.24294171588637,36.277653533052025,C,5,media
-68.08630390672408,28.91151359964339,E,5,media
-98.32343140842984,48.75727714503898,D,7,alta
-99.51762179811516,48.36790501101457,S,4,media
-84.8202898139367,45.96544895964986,E,6,alta
-78.62325702787871,49.02250474684088,D,5,media
-118.73443424475856,41.13079185686941,S,5,media
-101.9322240792921,25.14639625148956,D,4,media
-67.69557829206597,46.141976573584856,E,4,media
-71.3205160167422,38.22762762289584,E,7,alta
-74.90507698459325,44.84636570340675,B,6,alta
-110.21525857616882,28.644620252208835,C,6,alta
-86.09956036918076,43.327653100093386,D,5,media
-82.63970032809094,38.08250273538334,S,2,baixa
-83.2981690068413,37.60158838011227,C,1,baixa
-74.25280837540619,46.97984928946444,E,6,alta
-102.60709386919764,44.87342911893154,E,1,baixa
-108.3145901453332,46.54941487746797,D,4,media
-82.78021704469397,30.942970281372624,C,4,media
-81.5434893245688,48.69184113090224,D,7,alta
-74.3636215904935,29.58700493873347,S,2,baixa
-121.66720186814118,42.36825984665316,C,1,baixa
-67.61364666824792,30.568824031165143,S,2,baixa
-113.86668898025778,32.383423238289375,D,3,baixa
-90.28823974013171,25.54881498363005,E,3,baixa
-103.6708824076018,42.518374719724505,S,1,baixa
-119.47572184929872,29.97503448447435,C,7,alta
-98.2465203016445,31.143255279019204,E,1,baixa
-71.07848782943658,45.53028525045691,E,6,alta
-105.67153031162486,36.19157148306008,D,2,baixa
-89.98817428298028,27.34870589369453,D,4,media
-76.30071746437662,31.505945108102324,S,7,alta
-93.71031058461809,33.57478235416798,C,2,baixa
-123.56815430552923,33.08496084124147,D,5,media
-91.38471013992798,37.36149825066586,S,1,baixa
-88.55205551688854,32.16859374976753,E,3,baixa
-76.22502091862341,25.45314908837916,E,6,alta
-123.54626357595548,41.32874720711834,E,6,alta
-114.39746006644752,26.113342415879,E,5,media
-100.9305158840796,48.466085770536,D,1,baixa
-77.13247411976523,41.47248248539414,S,7,alta
-102.0355920432202,26.2476531853184,E,7,alta
-118.39082829883584,48.57220070870415,D,5,media
-79.86460239915704,29.76287483485361,E,7,alta
-90.08533645288132,34.80130382398862,E,1,baixa
-124.06233557850946,29.25118318892955,S,3,baixa
-112.20669250418597,33.696526027975146,S,2,baixa
-99.9979320367746,37.57218897184253,D,5,media
-103.72864371251814,39.91732042416034,D,2,baixa
-95.72484075111666,45.195059973515946,D,4,media
-96.85028025892817,27.786500328767097,B,3,baixa
-98.26061703566424,38.33694440245053,S,6,alta
-76.65474239249609,27.259596404098147,D,1,baixa
-83.40403324044208,26.91975165028109,D,2,baixa
-83.7801955665276,39.83980779844385,B,1,baixa
-121.82620898815212,31.42595390544473,E,4,media
-106.71605277164052,28.73539918066938,E,4,media
-88.89091999343977,37.49664933360386,E,5,media
-69.99509585284926,26.463471433996645,S,2,baixa
-72.56391084544484,43.91167921224485,D,3,baixa
-119.13031871983608,42.55723580997987,E,1,baixa
-72.60354556218972,47.13077312905541,D,5,media
-124.70074473740262,44.41327936018351,A,1,baixa
-117.31088371267832,29.47755785154601,D,2,baixa
-77.73261185027556,40.55948818278759,D,3,baixa
-71.65049426521504,31.79453524102542,D,1,baixa
-78.9144754525263,34.419173706370884,D,3,baixa
-123.23690118402196,26.9067565776856,D,7,alta
-72.49935992418618,32.88694963507999,E,5,media
-96.6651006939082,27.31116219479156,E,1,baixa
-102.97307841108608,49.221529304355,S,6,alta
-80.89864413866057,32.28804309727924,E,5,media
-110.77195603884287,47.051599234288815,D,4,media
-101.1427925864112,43.86581226107066,S,4,media
-88.89066877305419,45.12779256896789,D,6,alta
-113.83428170289976,35.31185307001862,E,2,baixa
-119.75051012282664,29.590109092500107,D,4,media
-68.20831258487455,36.194657521394646,E,4,media
-73.57613721791412,35.323238766490164,C,7,alta
-116.33776184972832,47.84685551808252,E,3,baixa
-99.07996458563284,39.95472245023791,S,1,baixa
-94.6152622194046,26.8515466183095,D,7,alta
-69.76051413994246,34.13974174785518,D,7,alta
-122.84714824127764,35.59176751399923,E,6,alta
-114.52574670162372,33.789207297453146,C,5,media
-87.72912595263332,25.44712333106716,E,1,baixa
-100.47706898163504,42.0688758655732,S,7,alta
-75.26961546576773,26.33373639876849,E,3,baixa
-114.10283877892589,27.648278531561985,C,1,baixa
-103.89066507129172,44.84265969898852,E,7,alta
-85.67405057034064,36.979319856027146,S,6,alta
-97.54593774392872,42.234390052426605,E,5,media
-101.0338876870567,37.25509014905565,E,3,baixa
-120.4072121832263,30.67230103916773,S,6,alta
-102.93516744806722,34.94165233794423,D,3,baixa
-96.08979124564172,43.5178773175102,D,5,media
-96.7328605099692,27.605668808337487,D,3,baixa
-100.88883909089304,36.40972594842561,D,5,media
-116.5146278041577,30.38518762385397,E,4,media
-92.9657418287416,31.04513706425356,D,3,baixa
-109.05285198063535,33.70144952682654,D,4,media
-112.6604693460057,48.96175511187907,D,5,media
-87.5972260684474,46.41414198661954,D,6,alta
-117.44288165685636,43.86672241332301,D,3,baixa
-72.72699784824823,48.43360490179193,E,2,baixa
-110.2082859541582,26.093389910608,S,5,media
-107.28198917827616,29.514546767822456,E,6,alta
-115.13345894770436,27.519621795786204,D,6,alta
-117.19732078940676,32.24418084318349,D,4,media
-80.59174295317034,45.207798955940646,D,3,baixa
-72.43063408650205,39.75975741115885,E,4,media
-112.91319815341046,43.08402760213758,E,1,baixa
-79.9184466864802,35.517568477702774,S,3,baixa
-114.46907261821492,27.34181710483169,C,1,baixa
-74.17474527722923,38.51795351968647,C,2,baixa
-72.36114900344052,29.03134544429449,D,4,media
-116.70114960117532,32.60313959500938,E,2,baixa
-109.19967254896466,33.89390196616253,E,4,media
-84.03811984514759,41.040647368384725,E,5,media
-121.85578610098672,43.62873258750264,D,7,alta
-116.47359449081556,43.29831011044893,D,3,baixa
-121.618185391546,30.88569543459649,D,2,baixa
-114.17298759626703,36.45006560783576,D,2,baixa
-72.66526035247269,35.25206768548178,S,3,baixa
-105.62035113694068,27.51382069528958,E,6,alta
-115.91000643978911,40.64767243726071,D,2,baixa
-98.02786563898698,31.609433583187567,D,1,baixa
-89.28934214194895,37.76402618099926,E,2,baixa
-116.7331905301988,31.954189083396663,S,4,media
-80.4271900665637,32.03702092466139,B,6,alta
-83.03543838070607,38.31075381483624,S,4,media
-102.97092491798703,45.47061969669643,D,1,baixa
-70.96837418939484,41.20273521106895,S,6,alta
-71.33135785133913,45.10188282447817,D,4,media
-120.57471184259634,43.79246758486795,E,6,alta
-79.76704100098904,47.15696732525243,E,4,media
-96.26349957118472,48.17411106856492,S,2,baixa
-82.06097555157794,48.67919044828798,E,7,alta
-73.17358332251686,45.28606597010605,E,3,baixa
-114.49922224013602,31.670609234726115,E,4,media
-89.22385330563833,34.22569193467416,A,5,media
-122.89358687969884,43.254080839419714,B,2,baixa
-78.71205068026822,33.85991244034395,S,3,baixa
-93.10910134553846,27.087386481163502,E,5,media
-79.83538943215477,25.152340374659342,B,4,media
-108.54710611999889,36.59280684234978,C,1,baixa
-85.53627276707681,34.419483801196606,S,7,alta
-107.48545988316464,30.81971356613868,E,2,baixa
-67.26838554023284,31.433561038029204,S,5,media
-99.81768010261688,37.4096706206178,D,3,baixa
-75.4348286444163,24.953198493593305,E,7,alta
-119.19949369585608,30.88716752055066,E,7,alta
-80.97678778443354,31.922549053462387,S,1,baixa
-91.72073502265536,36.17877958160222,C,2,baixa
-118.60501421385064,38.88030853617974,S,6,alta
-97.59774164514388,26.712315598368185,E,2,baixa
-123.41653010107078,35.09435172727704,S,3,baixa
-95.80158110853996,27.98209818513964,E,7,alta
-112.78594504356344,36.58825464662706,E,5,media
-87.51828419870111,35.12026091213112,C,6,alta
-72.40534505909297,27.181041986405567,E,7,alta
-103.10209987457988,44.25558827230348,E,5,media
-105.02051354042864,40.35281033300621,C,1,baixa
-71.5447849445973,43.04215947838085,D,2,baixa
-83.46395865103287,42.49616676213477,S,5,media
-71.41458508984773,31.786896109244665,E,4,media
-108.75820102881764,41.09260007436539,S,5,media
-105.9912781554469,44.4767586615704,S,1,baixa
-111.83231301341932,26.81325653591925,E,6,alta
-71.37046921155387,44.52224929405202,E,7,alta
-106.39003628414132,48.80531914019682,B,7,alta
-107.8652749308014,43.97540163805384,S,6,alta
-98.52375915769632,49.312739870252464,E,4,media
-81.71940528319857,32.73551445725146,S,3,baixa
-93.19160173723128,41.41486584177099,D,2,baixa
-122.1541245833675,42.71540323295041,C,2,baixa
-86.8756748752837,36.64474111583913,E,7,alta
-105.68377573498516,46.00166869596827,D,7,alta
-74.7716062775344,35.12126092004152,B,6,alta
-105.12223353718667,40.1352872510939,D,5,media
-96.03681097647952,48.99350644235854,B,3,baixa
-68.43256987162356,32.474790524182026,E,3,baixa
-70.0340003066981,30.035997958497,C,3,baixa
-81.68533411683327,48.25089015383655,C,3,baixa
-113.09328693408044,34.102230518683925,C,2,baixa
-88.5935363538171,35.52382516413024,E,5,media
-72.79488473251283,40.2425952022425,E,7,alta
-75.24226989257211,30.25074143791869,S,7,alta
-123.62553178409104,35.3929149632709,S,3,baixa
-117.80323591064268,27.555588679793093,S,2,baixa
-101.93385807336064,27.462241042701123,D,4,media
-73.56266604868676,47.23914108149951,E,3,baixa
-69.91574497166062,41.73537869041613,S,4,media
-110.19524132318232,42.40375547144258,A,5,media
-101.76450578339978,39.600128690427695,S,6,alta
-104.47377555873112,45.19040900525709,E,4,media
-166.52836928422292,55.31217934621462,D,6,alta
-142.5677775420638,55.42622105975747,E,7,alta
-150.6849376438677,60.43606068938713,E,6,alta
-132.0516328265823,63.77080296753821,C,5,media
-160.84167887992794,65.70186194048685,C,6,alta
-145.2331959761555,67.06990327687174,S,3,baixa
-164.18694834520156,60.33940410996183,B,4,media
-163.05648042885483,64.61109133407598,D,3,baixa
-156.18643150725865,63.6634183442462,E,1,baixa
-136.84383568621325,57.57429248489608,B,7,alta
-154.29814603788927,60.952321576681705,D,5,media
-165.42581814324404,57.611829885582345,E,1,baixa
-165.86890126356036,55.27851317180665,D,3,baixa
-148.16097232806044,63.30936723148159,D,4,media
-145.8968405554154,70.55683065153487,E,2,baixa
-144.85402475823236,56.53002510140368,E,4,media
-135.20354346157347,55.38293393721791,E,6,alta
-137.97251863158297,64.94227186213831,S,2,baixa
-160.44281820257157,68.49168618996134,S,4,media
-147.97608898726563,65.3222218920233,E,4,media
-142.93613273511565,61.98750969673549,E,7,alta
-159.45761822051986,67.61989564830947,S,3,baixa
-151.23673506398103,60.93929760953882,D,5,media
-155.83027589106177,54.71074889117064,E,7,alta
-153.38087035979592,61.18564060899837,D,7,alta
-137.518788238785,62.28797792687013,E,4,media
-153.38426575844213,58.37743911571199,C,6,alta
-135.87386717234784,60.47773340620944,E,5,media
-141.51485111091606,54.67042471277751,S,2,baixa
-154.47834369160216,67.69023316506215,E,5,media
-150.89510797111336,59.693802955080365,D,3,baixa
-156.40938514893358,69.2231285853249,E,1,baixa
-152.18034773311712,60.364555719789394,E,1,baixa
-137.353050311265,55.60442493355429,C,5,media
-134.95647225682094,64.08039919260824,C,4,media
-151.83850780817428,57.51612736308565,S,2,baixa
-164.45158566130652,68.67180125664694,D,6,alta
-160.11849841777493,63.75124180609798,C,1,baixa
-131.2562125212047,61.520747959441856,D,1,baixa
-149.16011459422052,69.1155604931997,C,2,baixa
-133.03928863172965,68.06382384184852,S,5,media
-167.54258172139487,64.15729693751155,E,6,alta
-149.34168408797655,60.56262929314399,S,3,baixa
-152.85604052040975,67.3162171250962,E,6,alta
-150.67279294899217,62.27541558871992,E,1,baixa
-149.44793618518514,65.39498018740927,D,4,media
-160.66867866290795,71.04723263644118,D,4,media
-134.52350846038806,60.558520461254986,D,7,alta
-148.5410427647886,71.12497775804633,E,2,baixa
-138.7175894851905,60.23340224641134,E,3,baixa
-165.07487572150032,55.489003326545,E,5,media
-138.12663528867574,67.06323802305279,S,3,baixa
-158.61612400145214,59.24058835382696,B,5,media
-134.32330034721275,56.17883503573769,E,3,baixa
-144.39896393382762,61.363951721812974,S,5,media
-155.38888574669048,62.12737557725415,D,7,alta
-139.30672767827568,69.79241985209026,S,7,alta
-138.43330692319685,54.70545517701576,D,1,baixa
-146.12446764656187,71.03960536441461,D,1,baixa
-166.4345319365758,68.33941477810131,E,4,media
-143.02995926229335,57.82717845395406,E,2,baixa
-136.4711344659947,56.19848579609901,D,1,baixa
-143.90847942045735,57.88663448179729,E,5,media
-166.9723254926458,62.94599777073889,E,1,baixa
-138.77219274124917,67.63029490483854,E,2,baixa
-149.6407733999922,68.63770646403756,C,5,media
-130.43591036608476,59.54540350146628,E,1,baixa
-156.65051258749284,66.17292797183076,C,3,baixa
-140.26291192962577,68.93296436382909,D,4,media
-156.88752709034884,56.278841831316576,C,5,media
-133.76655013358516,58.58291134452419,C,2,baixa
-148.31955506341131,71.07862313830037,A,2,baixa
-148.4588065260277,67.59419839592577,S,2,baixa
-154.0298078044881,69.32281633452745,D,7,alta
-139.6576266339479,66.85106756003388,C,2,baixa
-148.38983514293366,69.5743267238244,A,4,media
-163.94155858295343,64.20042303109119,C,1,baixa
-134.46654366736905,65.16357350891573,B,1,baixa
-153.08101209860246,59.08669467481901,D,3,baixa
-150.79646086670948,62.78564651732503,E,5,media
-143.58936706867033,55.448768183205885,C,2,baixa
-145.1985597529574,70.71241050461187,D,1,baixa
-152.35199035106504,70.3344874037143,D,5,media
-160.320935938822,60.68292009277919,E,6,alta
-135.15251479934508,64.95243259808416,D,6,alta
-164.7125660069383,71.0071270867329,S,5,media
-145.66435680277172,62.40776712086036,E,4,media
-138.58516348553417,65.0959487811745,E,2,baixa
-134.4002158479104,64.56558097011123,E,2,baixa
-151.8799984905471,56.81104752447954,D,7,alta
-163.79731666201357,69.06221889572528,D,7,alta
-132.53671287063014,56.89005969515482,D,3,baixa
-162.0042922057756,65.7794140970072,S,3,baixa
-159.01746552782413,65.69651614946693,D,4,media
-145.32876484700944,57.39932217334047,E,7,alta
-137.64914827525175,69.54515223331931,D,5,media
-133.3036469241905,61.42221916068032,E,6,alta
-131.66561178527363,67.60749843574614,D,5,media
-159.75578282144744,69.13395528554067,E,1,baixa
-149.12196333907386,56.14098099158549,S,4,media
-141.0575402099653,66.62652017927009,D,2,baixa
-153.1744687627014,59.51796722982883,D,2,baixa
-141.87295493680182,63.95755382984821,E,7,alta
-141.61603174720162,60.71335401815512,E,4,media
-132.21901572016466,55.19654670293072,D,7,alta
-144.88119952828174,63.354403429033205,D,4,media
-142.45464716408475,63.22930357755628,E,1,baixa
-133.02492662494188,65.59383569757563,C,5,media
-144.11237674204452,65.51909308528165,E,7,alta
-160.1857378072845,62.60985945560825,E,4,media
-140.21806715341938,56.74851530294648,E,2,baixa
-165.01176277976165,59.73311787716306,C,4,media
-133.46413699368213,69.22320002224075,S,7,alta
-162.88654435388526,54.93990907705329,E,2,baixa
-162.23629049543342,58.712853892787024,D,1,baixa
-153.93997133795727,57.46250332213488,E,5,media
-160.74357859658352,56.75039971550209,D,6,alta
-138.95560176884752,70.15348111303612,E,1,baixa
-156.31410221533417,58.76247561659768,D,2,baixa
-161.89673452174992,56.47187134257123,C,7,alta
-167.5493225376171,56.06875988197167,E,5,media
-152.472036149912,69.02913580893345,E,6,alta
-159.78185888922468,70.07079207283867,D,7,alta
-137.61715505760765,59.50423968844178,E,2,baixa
-138.1765889524193,57.358848367310486,E,1,baixa
-151.4302526938637,58.355194806600586,E,6,alta
-156.95104681893525,67.0813478554207,D,4,media
-166.09309061204226,54.97555726293374,D,7,alta
-159.3593828101178,60.13598661939847,S,4,media
-137.09940553769675,65.03655569543541,S,2,baixa
-151.76692296593572,64.4852783205204,E,3,baixa
-146.12447134580952,58.419191178192136,S,7,alta
-161.7976360235062,57.41818207612417,D,3,baixa
-144.39718159652728,62.68954950739923,D,7,alta
-149.69525821882263,67.35420514899393,S,4,media
-139.8419770891293,70.06686361427106,D,5,media
-131.44075125914216,66.88090590779836,D,3,baixa
-165.07146040944073,64.30193089794909,S,3,baixa
-167.3581242802111,64.16820552145752,B,2,baixa
-143.67562572433974,58.86050722141942,D,5,media
-156.3736418569204,64.07895145714195,D,4,media
-141.01493793764683,63.25977979700974,S,4,media
-133.1846587285229,62.96872663081645,D,5,media
-153.27696461199986,69.29451408555205,D,1,baixa
-160.620152096055,65.34297443146683,E,4,media
-132.21560921409989,58.53268340671812,S,4,media
-161.8609656616302,66.50305139799369,B,3,baixa
-149.74446229682235,69.86325000316967,E,5,media
-153.70788897202715,64.05406767349842,E,6,alta
-156.42388131486766,57.81130633497145,D,3,baixa
-159.23547369749755,56.03673577478652,E,5,media
-167.82702710301987,61.44571508785877,D,1,baixa
-150.71622767535163,60.34734979232347,D,4,media
-132.97976028682086,64.4857850136023,D,2,baixa
-162.31607434204207,64.60779527151895,S,1,baixa
-145.47667800480195,56.10836826816514,E,3,baixa
-133.2320157054883,54.98593308411126,S,7,alta
-135.26645489262364,57.96195522465981,D,5,media
-149.88298534693723,65.16635532245667,D,7,alta
-130.30535622619666,66.49637765777277,D,1,baixa
-163.83492517949423,58.68525642098228,S,5,media
-138.16355863258343,62.61255855851745,A,2,baixa
-142.3918500543218,69.97395285138155,E,5,media
-157.26085640645624,64.90779052201525,S,6,alta
-159.91607675413675,58.82530202879801,S,1,baixa
-152.49460083333904,56.88970136155941,E,6,alta
-153.44184107291773,66.62409814340268,D,5,media
-158.9333547521812,63.2733952665957,E,4,media
-133.77760681149397,66.42941856247592,C,3,baixa
-140.18483692733446,56.493627219431325,D,4,media
-166.12189610785995,61.20518059306077,C,1,baixa
-133.17004136834126,69.83300501397153,D,3,baixa
-142.58320416609214,64.54312103108165,E,2,baixa
-152.53322815741132,56.70365106934005,S,6,alta
-159.16386325759805,56.372337507183005,A,2,baixa
-151.93279969051235,56.59705843930836,E,5,media
-153.86016775958743,62.65689185274909,S,3,baixa
-130.8671175071861,64.076098842945,D,2,baixa
-130.86293470340345,58.95527973892371,S,5,media
-142.85932491545367,70.62969298568933,S,4,media
-133.51499164349838,68.7102704101081,E,2,baixa
-155.84394545601455,59.37404910478377,D,2,baixa
-162.50581423866487,59.45257406271049,E,1,baixa
-150.33961443810497,65.3822062954968,C,6,alta
-130.76763238672618,59.35141900782413,D,3,baixa
-147.6172724590012,55.82806005232548,E,2,baixa
-132.88549597310893,60.00387005910294,D,2,baixa
-144.60257291897554,70.07434674974812,E,3,baixa
-168.1171950103786,68.19921361022121,D,2,baixa
-131.7262126317484,56.15501265741974,S,1,baixa
-151.5320260240892,58.52264404676529,E,4,media
-138.95644659499865,69.10183833617235,E,6,alta
-152.68623341419175,66.48039078534703,S,1,baixa
-133.85929419276005,69.41411686281265,D,1,baixa
-138.35457816959538,59.989144719363786,D,1,baixa
-132.80087799483078,66.61443891124779,A,3,baixa
-146.32592112990346,59.459440279270616,C,3,baixa
-151.23816400353058,58.76331615642562,D,6,alta
-142.0624075065967,62.60407009944088,D,3,baixa
-162.14387344563735,57.28964189354467,S,5,media
-150.5983130809536,58.65813731200033,E,6,alta
-137.53698431810326,62.38890291031706,D,7,alta
-138.25891228622316,58.3601859384782,S,6,alta
-131.49764510423594,57.95474558977951,S,2,baixa
-165.5111377945094,66.25615391726332,S,6,alta
-134.6306231482639,66.35375176082613,D,5,media
-132.1909771694225,59.25759384862201,S,6,alta
-162.90466836654858,58.70265537099406,E,1,baixa
-160.29956804988765,60.34939233905955,D,2,baixa
-163.51980105844086,65.76304319991436,S,1,baixa
-150.14364430416063,56.865288590335176,A,5,media
-149.9582607544575,68.16666018995116,E,2,baixa
-152.27882728657568,55.10738262318762,D,1,baixa
-165.8901546660192,62.74970287176936,E,3,baixa
-143.77015685641885,69.28127287973265,E,7,alta
-136.85602495499813,57.168964470636375,E,3,baixa
-152.11465107524086,61.89915842417345,B,6,alta
-148.5620866373993,61.95555887931866,E,2,baixa
-134.42321595916417,69.812431361957,E,7,alta
-134.7507040760513,66.5559179551141,C,1,baixa
-168.0622528974212,59.10015853407901,E,2,baixa
-141.21519893424093,57.70233017629104,D,7,alta
-166.35407378343507,68.90623280876125,E,3,baixa
-140.28762626466386,66.95747995395044,S,5,media
-139.42873119598605,58.19608976369591,E,4,media
-146.93509755981583,69.78237046374052,B,2,baixa
-153.0954798597187,59.85591738093983,D,5,media
-161.14240709376585,66.19679765540462,C,7,alta
-137.93865201759206,59.32334265819393,D,6,alta
-148.4470536341785,55.61084019093789,D,5,media
-155.44448569715544,69.16678857188002,D,6,alta
-147.56201528732393,66.59736702752264,E,2,baixa
-162.17492746648966,65.90760304880985,E,6,alta
-142.97432112739995,62.45930113473048,D,5,media
-154.34669645275392,66.11830217067171,E,7,alta
-153.20668547795046,60.70816519279811,E,2,baixa
-159.63159195061047,65.27825046963854,S,3,baixa
-148.99025146284407,61.52074367583605,D,4,media
-167.74969959317698,59.232120853717184,E,2,baixa
-135.92741752272036,54.61684411775863,D,1,baixa
-153.91035268445637,70.60959013894062,E,5,media
-160.67728756713254,58.58188881321962,E,5,media
-166.13664982108858,58.55141122578593,D,6,alta
-146.66944008409652,60.682120144300434,C,2,baixa
-130.57277469717138,57.518284004520176,E,3,baixa
-165.94921643257874,56.18416172107106,E,6,alta
-135.9275734922022,69.71963810470821,D,6,alta
-147.9828386379461,67.86467989473647,D,4,media
-151.0422017246725,56.9183905310698,D,5,media
-137.97587931799097,63.326943224172,D,1,baixa
-150.0855166783544,56.30383595230235,E,6,alta
-147.4781342718988,69.57891968552579,E,1,baixa
-132.72108913702942,66.62358172978182,D,2,baixa
-149.93302568075438,64.98915738342586,D,7,alta
-151.83516401278487,70.9151057331296,E,4,media
-159.55105786465788,63.41243811898487,D,2,baixa
-140.89923907281985,63.56070829577098,E,7,alta
-144.01839745349383,55.98202025242379,E,6,alta
-162.213848776473,71.27719646663432,C,7,alta
-165.91158746507136,66.30297762923273,E,3,baixa
-146.6507442569574,56.82731381737093,S,3,baixa
-144.1979635729788,62.00891209556462,E,2,baixa
-134.35502824024545,59.577988294429694,E,3,baixa
-162.7486186947123,69.59586177410533,E,7,alta
-155.47902687358842,66.53855490217242,S,3,baixa
-145.00601245235248,57.33861023075461,S,2,baixa
-145.74003372737076,62.03965850546069,D,7,alta
-140.48249909267602,67.87873915469486,E,6,alta
-135.70784619605098,59.91440440431205,D,4,media
-143.58358504515544,68.99515779585766,D,2,baixa
-163.32898762186622,59.82795867046866,D,5,media
-133.1817945500424,65.07267072771259,E,3,baixa
-147.88326191622406,69.28379630506426,E,3,baixa
-153.1063217659692,54.66443904945419,D,5,media
-154.69444296884382,61.231123249867885,E,3,baixa
-143.60387018976817,58.97145183296888,E,2,baixa
-139.80857899807077,65.8453251231235,S,3,baixa
-148.3068540911014,55.60808837107971,B,7,alta
-151.6422390784879,63.3681209978724,E,5,media
-160.03987883719657,67.4341472842618,D,3,baixa
-132.02073667033855,66.81226003321031,C,4,media
-138.2710874833584,57.68035665183736,D,6,alta
-154.04158981125974,69.55179122135559,E,1,baixa
-162.4821370722119,57.15967550034681,S,7,alta
-155.31926279901552,55.95107334507441,D,5,media
-156.21037819153207,61.13100821801599,C,2,baixa
-140.88658141673622,65.13892375045926,E,6,alta
-148.483626920126,59.46488066245852,E,4,media
-137.98425806476047,62.18221392356809,E,5,media
-159.44043328114515,69.57463614836797,D,4,media
-140.93275236269793,69.78678431497428,D,7,alta
-163.30866911247057,69.25626316199404,E,7,alta
-157.2658461534943,69.20547285394701,S,7,alta
-162.81446545766698,58.69028143239582,B,3,baixa
-162.4162371898806,67.02205048873125,S,2,baixa
-151.42782675072664,65.85392685540312,S,5,media
-136.46168472193176,63.6681514498181,D,4,media
-151.31336090702615,64.43328993630642,E,4,media
-161.90960086418127,56.97700673161063,D,3,baixa
-157.72822372080498,66.81383025554511,S,7,alta
-160.37013792553523,58.693720433043794,E,7,alta
-147.76134038893784,68.82682423384293,E,5,media
-141.98716269768573,61.44806518384133,E,2,baixa
-138.35778784109507,56.74799672318263,E,1,baixa
-163.2714395957239,69.88902639023436,C,3,baixa
-155.11340048014324,60.093278994885374,C,7,alta
-167.33718187950234,69.04363839198197,S,2,baixa
-147.7870834880946,56.33950374757657,E,3,baixa
-145.24329032657255,68.5481928685407,C,1,baixa
-137.1546899077745,60.25308251020742,E,1,baixa
-156.558755140243,56.78789727267038,E,1,baixa
-146.79693319839868,68.41351051642074,S,4,media
-146.83551219715105,67.78753031498749,A,4,media
-153.6669126984365,62.22635193068046,C,6,alta
-162.19026352588938,57.660071752430056,E,4,media
-167.30133551825645,67.66102871059731,E,2,baixa
-140.07570549548765,70.58934174940426,D,6,alta
-138.3344343093211,69.2043890414591,C,5,media
-156.46070129991432,60.65942536935992,D,6,alta
-141.77364651011504,70.6183773605572,C,2,baixa
-156.0996801427582,67.91046434949075,E,7,alta
-160.26326473075386,65.28810441262794,S,2,baixa
-156.83413356721218,62.652280259270704,C,4,media
-147.28698789368096,62.99439754478968,B,2,baixa
-163.11888116863935,70.0465129350523,E,3,baixa
-153.70095280079826,65.20052382727893,B,3,baixa
-131.96931401641953,70.51780322468525,E,4,media
-150.1134118291906,67.22416467657789,E,7,alta
-136.6193077558044,64.90324155586217,D,2,baixa
-156.81992081658188,62.97602073745475,E,5,media
-157.35843390852108,60.58869827152737,B,5,media
-135.70987919983202,67.15872334068806,E,1,baixa
-135.80705093198804,59.02944001783623,C,5,media
-141.13222849723402,55.34581446972212,D,5,media
-158.50602618284287,70.07260915224177,D,1,baixa
-151.843820962214,58.05374162240529,E,6,alta
-137.91988040690836,65.95427887791482,S,4,media
-147.5415546880678,66.89828541888973,E,6,alta
-134.53141873649142,60.0594377498558,D,5,media
-167.15895563858805,61.37719456973687,S,4,media
-132.36321947080876,66.89131494041101,D,5,media
-163.89394360679984,65.5809772292283,D,1,baixa
-131.590224442048,62.932150183206886,E,6,alta
-131.13075860762,58.323808359922026,S,6,alta
-139.14126222105938,69.1297201476189,D,4,media
-147.3669197610924,60.85167628420548,D,4,media
-149.95189014094132,62.65628860502061,E,2,baixa
-140.36745133031124,57.7632227882168,D,3,baixa
-168.04825112566422,70.72894912617639,S,1,baixa
-153.8714809190564,70.49533435114068,S,3,baixa
-151.9219367814874,55.597781323032926,D,7,alta
-137.89951890845717,70.136439306321,C,3,baixa
-147.43147328628186,61.624790196618896,D,4,media
-155.62082134106805,70.59466501620571,E,4,media
-166.72466965556984,70.2489576620852,S,2,baixa
-143.73804564565955,57.9597452703466,D,6,alta
-139.5338644483735,70.75831363037831,D,4,media
-139.94192334841586,69.73704928007031,D,4,media
-140.8461138493588,61.735245197459456,E,6,alta
-159.9767659201386,61.71915186743251,A,7,alta
-139.7618852493792,68.3693323661073,D,3,baixa
-167.695977361626,67.93823434633009,D,4,media
-146.24785119592093,71.17154530261027,C,5,media
-146.9478388818871,57.68906494483857,E,3,baixa
-136.42313146607205,67.39760282884397,E,4,media
-134.4140399104709,63.41777934138232,E,7,alta
-143.35658586780983,64.25162931797828,A,5,media
-133.79034625293494,57.60555290206791,S,1,baixa
-157.64872670086856,58.97024486091873,E,3,baixa
-157.08357161867764,61.4919742195254,E,6,alta
-144.17282660474007,60.99609384216496,S,3,baixa
-146.77393230238286,61.442841262446336,E,2,baixa
-136.9245575941443,70.21406822683193,D,2,baixa
-152.58060560320408,63.982164653310974,E,3,baixa
-152.20886462776738,57.38635262674483,D,3,baixa
-148.5078716637316,66.3337557136633,D,4,media
-161.6671713951379,65.11924786561683,S,6,alta
-134.69540709968726,59.61974763871775,E,7,alta
-161.3977751901962,66.43392068447844,D,3,baixa
-146.41813970587106,62.77643134346384,E,5,media
-148.44718327232877,65.79142751554106,E,1,baixa
-142.61309347981063,55.08056070866525,E,6,alta
-166.1651907880055,58.06548129055582,E,4,media
-157.46909947493003,56.271917316463046,D,2,baixa
-131.18682880501672,66.12981360618372,S,3,baixa
-135.78246782488517,56.43936565269348,B,2,baixa
-150.00864981341198,62.1669012185789,S,5,media
-163.51517816295683,56.47776721355081,D,4,media
-138.0962466606831,58.72841777294695,D,5,media
-148.84760500305524,62.4857109073706,S,7,alta
-135.42762726096032,64.44407584434532,D,5,media
-145.6614653649461,61.164353981073965,B,5,media
-132.2558599965467,59.953866626451926,D,3,baixa
-153.15723599198142,60.32465078417852,E,4,media
-146.68889771718133,71.11869551495542,E,6,alta
-157.6901893655683,61.12324748149404,D,6,alta
-141.1225209579323,58.16087638100008,E,2,baixa
-165.98238419789445,66.16482743091915,D,4,media
-144.92918123748757,58.68884583512229,E,4,media
-166.33636741156428,59.407802938210814,D,6,alta
-157.51966273470316,56.29710115974719,C,7,alta
-133.99336346468692,71.02515853995307,S,6,alta
-151.48455413545088,55.069239421879566,D,6,alta
-166.83558992268155,64.47858876467976,S,7,alta
-144.05338527267887,65.10126569716937,E,3,baixa
-137.1963015455533,63.35784068283249,E,1,baixa
-146.24621200344865,68.3112408406328,E,4,media
-158.61092669233136,65.31926190680687,E,4,media
-145.5172708517203,62.14191734611473,D,5,media
-158.8618157137424,58.42482294420866,C,5,media
-156.31160447550775,68.36301598502008,D,4,media
-145.80804573272695,68.48363320351801,D,6,alta
-151.05770069097144,54.87311131009932,D,1,baixa
-151.2034789614669,61.71636134915904,S,5,media
-155.38631169543402,69.15248331111933,D,7,alta
-167.946726398617,64.69649547182654,C,3,baixa
-139.91306577326355,70.92793757031112,E,7,alta
-139.1616552035513,67.28618411749014,E,2,baixa
-156.02600160225603,57.92265492513126,C,1,baixa
-162.09622853245304,57.33642670235464,C,4,media
-150.45563058969788,68.21587084218362,A,2,baixa
-163.54703026966686,70.12907271925286,E,6,alta
-132.62883594968736,56.25446877462471,E,6,alta
-166.01628131885292,62.81928773169141,C,4,media
-149.52339716091242,64.26324555704815,E,5,media
-161.98603046437344,68.47772528060332,S,1,baixa
-134.4733341643182,70.33866764187616,S,3,baixa
-156.77823112821957,58.1637020097684,D,6,alta
-150.0091025841307,61.41828815513276,B,1,baixa
-144.467687783955,63.65397282243961,D,5,media
-136.02536923684556,60.53097581670367,E,5,media
-149.68909160274455,69.33615388547102,S,1,baixa
-138.0218198991752,66.72425540812151,C,6,alta
-143.44762289085187,55.856980137636846,E,6,alta
-153.88208001326703,61.50653638711061,E,7,alta
-137.14307034922058,59.109963882871774,C,4,media
-154.67740085086407,69.56226301711226,E,6,alta
-155.1470585607202,67.66289832573628,C,1,baixa
-155.47383553252396,58.60549303619761,D,6,alta
-161.21678950460912,65.81441746099324,S,2,baixa
-165.32451945970365,66.73207533351135,E,1,baixa
-165.06354914730497,64.14443284955743,D,1,baixa
-161.2952184701766,54.97602986207126,D,1,baixa
-152.71324698383603,63.84860595417505,D,3,baixa
-164.91597730375463,65.13575269191824,B,5,media
-162.89012227841258,61.07523855948149,S,4,media
-135.8724305666906,59.42696112956052,B,3,baixa
-163.52636408630892,55.82159378306227,E,2,baixa
-154.80880770238707,57.47138281020074,D,6,alta
-138.45118376739563,63.99627094389836,B,1,baixa
-133.69780564729956,62.013318670959166,D,5,media
-167.93083905671998,69.56212014269607,E,5,media
-164.7643421820791,59.47095201528299,D,4,media
-147.57235903334123,61.286581195711925,E,5,media
-162.73209530022132,64.21545189780134,E,3,baixa
-151.87533706278165,57.47614339825216,E,4,media
-130.69211486973572,56.12557451651829,E,4,media
-161.66216565114095,66.86790704456578,E,7,alta
-153.91319624059466,59.418663216761374,S,3,baixa
-156.8314640523147,66.7465230478884,S,7,alta
-148.21138233206813,70.86024835412884,D,3,baixa
-165.05602780938727,70.38056080578278,E,6,alta
-130.91779007714547,71.20822351811483,A,1,baixa
-138.61621396161922,69.1168225324644,E,4,media
-154.10547190141216,58.09140107756076,D,4,media
-166.70352212125076,62.71931798868937,E,1,baixa
-146.657218874502,67.79876959876884,D,3,baixa
-147.00306709134367,64.2811875587602,E,2,baixa
-168.09749879349067,61.53701057705612,S,7,alta
-161.48314103752813,63.399948454434906,E,5,media
-157.4634873777171,66.53575556784757,E,4,media
-165.870036539269,62.00623666742236,S,3,baixa
-139.5662152394832,65.77624944713767,D,6,alta
-146.3304469889989,62.09904822143053,C,1,baixa
-141.07216650928936,70.67965306121442,S,1,baixa
-132.63556129691742,58.62382366667455,D,3,baixa
-152.49840204333202,60.57676221157754,D,4,media
-132.44760438024352,65.45851682010101,E,7,alta
-147.1403272828371,69.98308062702036,A,5,media
-142.50500974596932,69.13616121553973,S,7,alta
-145.20817387551216,64.80323476949766,D,7,alta
-167.80106936408615,67.64128704501813,S,1,baixa
-153.23366286596058,56.35813374123784,S,3,baixa
-140.94713971131708,69.13824993530682,E,3,baixa
-167.7547409042282,65.86497976756458,E,3,baixa
-132.5314729193503,61.07121898058655,E,1,baixa
-160.585298966717,67.80082895821783,C,1,baixa
-151.4703242571458,61.06839851136592,E,2,baixa
-141.32762930070888,65.07946708411467,D,4,media
-144.2464542809933,70.3081348931682,S,2,baixa
-148.2134937477185,70.66937279305779,S,7,alta
-150.13824059375867,63.16479718491203,E,2,baixa
-152.6045115140033,67.76236069306299,S,3,baixa
-160.98269837053934,64.06430204302809,D,3,baixa
-134.98645717051153,64.9308886405426,D,6,alta
-144.81238820286114,54.926331859207735,D,3,baixa
-131.45029583476693,63.76822047554419,D,1,baixa
-162.78582119870458,67.46195216267803,D,4,media
-137.99623000524625,64.38621755004951,E,3,baixa
-156.36551770673154,61.60504944269636,D,4,media
